-- --------------------------------------------------------
-- Host:                         127.0.0.1
-- Server version:               10.4.25-MariaDB - mariadb.org binary distribution
-- Server OS:                    Win64
-- HeidiSQL Version:             12.4.0.6659
-- --------------------------------------------------------

/*!40101 SET @OLD_CHARACTER_SET_CLIENT=@@CHARACTER_SET_CLIENT */;
/*!40101 SET NAMES utf8 */;
/*!50503 SET NAMES utf8mb4 */;
/*!40103 SET @OLD_TIME_ZONE=@@TIME_ZONE */;
/*!40103 SET TIME_ZONE='+00:00' */;
/*!40014 SET @OLD_FOREIGN_KEY_CHECKS=@@FOREIGN_KEY_CHECKS, FOREIGN_KEY_CHECKS=0 */;
/*!40101 SET @OLD_SQL_MODE=@@SQL_MODE, SQL_MODE='NO_AUTO_VALUE_ON_ZERO' */;
/*!40111 SET @OLD_SQL_NOTES=@@SQL_NOTES, SQL_NOTES=0 */;

-- Dumping structure for table db_eparkir.tbl_user
CREATE TABLE IF NOT EXISTS `tbl_user` (
  `plant` varchar(50) NOT NULL,
  `role_id` enum('ADMIN','USER') NOT NULL DEFAULT 'USER',
  `nik` varchar(50) NOT NULL,
  `nama` varchar(255) DEFAULT NULL,
  `username` varchar(255) NOT NULL,
  `password` varchar(255) DEFAULT NULL,
  `departemen` varchar(255) DEFAULT NULL,
  `is_active` int(1) NOT NULL DEFAULT 1,
  `photo` varchar(255) DEFAULT NULL,
  `create_date` timestamp NOT NULL DEFAULT current_timestamp(),
  `update_date` timestamp NOT NULL DEFAULT current_timestamp() ON UPDATE current_timestamp(),
  `created_by` varchar(50) NOT NULL,
  PRIMARY KEY (`nik`) USING BTREE,
  UNIQUE KEY `username` (`username`),
  KEY `plant_id` (`plant`) USING BTREE
) ENGINE=InnoDB DEFAULT CHARSET=utf8mb4;

-- Dumping data for table db_eparkir.tbl_user: ~2 rows (approximately)
INSERT INTO `tbl_user` (`plant`, `role_id`, `nik`, `nama`, `username`, `password`, `departemen`, `is_active`, `photo`, `create_date`, `update_date`, `created_by`) VALUES
	('CITEUREUP', 'ADMIN', '1', 'Admin', 'admin', 'admin', 'admin', 1, '1702033523.png', '2023-12-07 18:05:05', '2023-12-08 11:24:03', ''),
	('CITEUREUP', 'USER', '260977259', 'Paris Handayani', 'user', 'user', 'SECURITY', 1, '1702035933.png', '2023-12-08 11:38:46', '2023-12-08 11:45:33', '');

-- Dumping structure for table db_eparkir.tbm_activity
CREATE TABLE IF NOT EXISTS `tbm_activity` (
  `id` bigint(11) NOT NULL AUTO_INCREMENT,
  `nik` varchar(50) NOT NULL,
  `nama` varchar(50) NOT NULL,
  `departemen` varchar(50) NOT NULL,
  `no_kendaraan` varchar(50) NOT NULL,
  `nomor_sim` varchar(50) NOT NULL DEFAULT '',
  `jenis_kendaraan` varchar(50) NOT NULL,
  `activity_datetime` timestamp NULL DEFAULT NULL,
  `activity_datetime_out` timestamp NULL DEFAULT NULL ON UPDATE current_timestamp(),
  `plant` varchar(50) NOT NULL,
  `create_by` varchar(50) NOT NULL,
  `status` enum('CHECK IN','CHECK OUT') NOT NULL DEFAULT 'CHECK IN',
  `expiration` varchar(100) DEFAULT NULL,
  `create_date` timestamp NOT NULL DEFAULT current_timestamp(),
  `update_date` timestamp NOT NULL DEFAULT current_timestamp() ON UPDATE current_timestamp(),
  PRIMARY KEY (`id`)
) ENGINE=InnoDB AUTO_INCREMENT=11 DEFAULT CHARSET=utf8mb4;

-- Dumping data for table db_eparkir.tbm_activity: ~10 rows (approximately)
INSERT INTO `tbm_activity` (`id`, `nik`, `nama`, `departemen`, `no_kendaraan`, `nomor_sim`, `jenis_kendaraan`, `activity_datetime`, `activity_datetime_out`, `plant`, `create_by`, `status`, `expiration`, `create_date`, `update_date`) VALUES
	(1, '1206298425', 'Ibrahim Simanjuntak M.M.', 'AREA 2', 'F4626HU', '', 'Motor', '2023-12-07 17:56:08', '2023-12-08 11:31:13', 'CITEUREUP', 'Admin', 'CHECK OUT', 'MANUAL CHECK OUT', '2023-12-07 17:56:08', '2023-12-08 11:31:13'),
	(2, '695700244', 'Prabawa Mansur S.Pd', 'AREA 1', 'F4108', '', 'Motor', '2023-12-08 11:41:54', '2023-12-08 11:46:04', 'CITEUREUP', 'Paris Handayani', 'CHECK OUT', 'MANUAL CHECK OUT', '2023-12-08 11:41:54', '2023-12-08 11:46:04'),
	(3, '1361315598', 'Chandra Bajragin Waskita', 'PRODUKSI', 'F3854L', '', 'Motor', '2023-12-08 11:42:13', NULL, 'CITEUREUP', 'Paris Handayani', 'CHECK IN', '1702096933', '2023-12-08 11:42:13', '2023-12-08 11:42:13'),
	(4, '872917791', 'Dwi Raharja Pranowo S.Kom', 'QA', 'F2138NO', '', 'Motor', '2023-12-08 11:42:43', NULL, 'CITEUREUP', 'Paris Handayani', 'CHECK IN', '1702096963', '2023-12-08 11:42:43', '2023-12-08 11:42:43'),
	(5, '980535017', 'Hesti Vanesa Palastri S.H.', 'AREA 1', 'F3540KF', '', 'Motor', '2023-12-08 11:42:58', NULL, 'CITEUREUP', 'Paris Handayani', 'CHECK IN', '1702096978', '2023-12-08 11:42:58', '2023-12-08 11:42:58'),
	(6, '1407161265', 'Genta Haryanti', 'AREA 2', 'F3521FH', '', 'Motor', '2023-12-08 11:43:06', NULL, 'CITEUREUP', 'Paris Handayani', 'CHECK IN', '1702096986', '2023-12-08 11:43:06', '2023-12-08 11:43:06'),
	(7, '1695541434', 'Yuliana Wastuti', 'AREA 2', 'F6805FEU', '', 'Motor', '2023-12-08 11:43:15', NULL, 'CITEUREUP', 'Paris Handayani', 'CHECK IN', '1702096995', '2023-12-08 11:43:15', '2023-12-08 11:43:15'),
	(8, '1489027153', 'Danuja Thamrin', 'CATERING RAYA BOGA', 'F8081HC', '', 'Mobil', '2023-12-08 11:43:43', NULL, 'CITEUREUP', 'Paris Handayani', 'CHECK IN', '1702097023', '2023-12-08 11:43:43', '2023-12-08 11:43:43'),
	(9, '988991938', 'Ilyas Mandala', 'AREA 1', 'F1132PD', '', 'Mobil', '2023-12-08 11:43:56', NULL, 'CITEUREUP', 'Paris Handayani', 'CHECK IN', '1702097036', '2023-12-08 11:43:56', '2023-12-08 11:43:56'),
	(10, '695700244', 'Prabawa Mansur S.Pd', 'AREA 1', 'F4108', '', 'Motor', '2023-12-08 11:46:10', '2023-12-08 11:47:52', 'CITEUREUP', 'Admin', 'CHECK OUT', 'MANUAL CHECK OUT', '2023-12-08 11:46:10', '2023-12-08 11:47:52');

-- Dumping structure for table db_eparkir.tbm_karyawan
CREATE TABLE IF NOT EXISTS `tbm_karyawan` (
  `nik` varchar(50) NOT NULL,
  `nama` varchar(50) NOT NULL,
  `departemen` varchar(50) NOT NULL,
  `plant` varchar(50) NOT NULL,
  `create_by` varchar(50) NOT NULL,
  `create_date` timestamp NOT NULL DEFAULT current_timestamp(),
  `update_date` timestamp NOT NULL DEFAULT current_timestamp() ON UPDATE current_timestamp(),
  PRIMARY KEY (`nik`)
) ENGINE=InnoDB DEFAULT CHARSET=utf8mb4;

-- Dumping data for table db_eparkir.tbm_karyawan: ~202 rows (approximately)
INSERT INTO `tbm_karyawan` (`nik`, `nama`, `departemen`, `plant`, `create_by`, `create_date`, `update_date`) VALUES
	('1', 'Admin', 'admin', 'CITEUREUP', 'ADMIN', '2023-12-07 18:05:36', '2023-12-07 18:05:36'),
	('1008616618', 'Among Waluyo', 'LOGISTIK', 'CITEUREUP', 'ADMIN', '2023-12-07 17:45:32', '2023-12-07 17:45:32'),
	('1014941288', 'Paulin Oktaviani', 'BAP', 'CITEUREUP', 'ADMIN', '2023-12-07 17:45:32', '2023-12-07 17:45:32'),
	('1019372006', 'Ikin Samosir S.Gz', 'AREA 1', 'CITEUREUP', 'ADMIN', '2023-12-07 17:45:32', '2023-12-07 17:45:32'),
	('1031487017', 'Asmadi Waluyo S.I.Kom', 'AREA 1', 'CITEUREUP', 'ADMIN', '2023-12-07 17:45:32', '2023-12-07 17:45:32'),
	('1034084164', 'Nurul Puspita S.Gz', 'ISS', 'CITEUREUP', 'ADMIN', '2023-12-07 17:45:32', '2023-12-07 17:45:32'),
	('1037698612', 'Nova Nuraini M.Pd', 'ISS', 'CITEUREUP', 'ADMIN', '2023-12-07 17:45:32', '2023-12-07 17:45:32'),
	('1056571898', 'Queen Usamah', 'AREA 1', 'CITEUREUP', 'ADMIN', '2023-12-07 17:45:32', '2023-12-07 17:45:32'),
	('1056994082', 'Tami Maryati', 'LOGISTIK', 'CITEUREUP', 'ADMIN', '2023-12-07 17:45:32', '2023-12-07 17:45:32'),
	('1071911953', 'Mumpuni Marpaung', 'MANUFACTURING', 'CITEUREUP', 'ADMIN', '2023-12-07 17:45:32', '2023-12-07 17:45:32'),
	('107843276', 'Kayun Prakasa', 'AREA 2', 'CITEUREUP', 'ADMIN', '2023-12-07 17:45:32', '2023-12-07 17:45:32'),
	('108617496', 'Tania Mutia Haryanti', 'LOGISTIK', 'CITEUREUP', 'ADMIN', '2023-12-07 17:45:32', '2023-12-07 17:45:32'),
	('1103667755', 'Sabri Rahman Napitupulu M.Kom.', 'LOGISTIK', 'CITEUREUP', 'ADMIN', '2023-12-07 17:45:32', '2023-12-07 17:45:32'),
	('1121182124', 'Hafshah Maimunah Yolanda S.Sos', 'LOGISTIK', 'CITEUREUP', 'ADMIN', '2023-12-07 17:45:32', '2023-12-07 17:45:32'),
	('1123840187', 'Puput Astuti', 'LOGISTIK', 'CITEUREUP', 'ADMIN', '2023-12-07 17:45:32', '2023-12-07 17:45:32'),
	('1127907627', 'Hairyanto Hidayat M.TI.', 'DRIVER', 'CITEUREUP', 'ADMIN', '2023-12-07 17:45:32', '2023-12-07 17:45:32'),
	('1144654953', 'Puspa Maryati', 'AREA 2', 'CITEUREUP', 'ADMIN', '2023-12-07 17:45:32', '2023-12-07 17:45:32'),
	('1166949451', 'Salsabila Hassanah', 'LOGISTIK', 'CITEUREUP', 'ADMIN', '2023-12-07 17:45:32', '2023-12-07 17:45:32'),
	('1172356921', 'Zamira Cinta Mayasari', 'AREA 1', 'CITEUREUP', 'ADMIN', '2023-12-07 17:45:32', '2023-12-07 17:45:32'),
	('1177066218', 'Zahra Astuti M.Pd', 'HR', 'CITEUREUP', 'ADMIN', '2023-12-07 17:45:32', '2023-12-07 18:01:28'),
	('118457350', 'Soleh Kuswoyo', 'AREA 2', 'CITEUREUP', 'ADMIN', '2023-12-07 17:45:32', '2023-12-07 17:45:32'),
	('1205013419', 'Prasetyo Dacin Hidayanto S.Kom', 'AREA 2', 'CITEUREUP', 'ADMIN', '2023-12-07 17:45:32', '2023-12-07 17:45:32'),
	('1206298425', 'Ibrahim Simanjuntak M.M.', 'AREA 2', 'CITEUREUP', 'ADMIN', '2023-12-07 17:45:32', '2023-12-07 17:45:32'),
	('1208110954', 'Hamzah Arsipatra Pradana', 'AREA 2', 'CITEUREUP', 'ADMIN', '2023-12-07 17:45:32', '2023-12-07 17:45:32'),
	('1233702486', 'Lili Dewi Rahayu M.TI.', 'LOGISTIK', 'CITEUREUP', 'ADMIN', '2023-12-07 17:45:32', '2023-12-07 17:45:32'),
	('1239356602', 'Wadi Pranowo', 'LOGISTIK', 'CITEUREUP', 'ADMIN', '2023-12-07 17:45:32', '2023-12-07 17:45:32'),
	('1245922877', 'Pangeran Halim', 'AREA 2', 'CITEUREUP', 'ADMIN', '2023-12-07 17:45:32', '2023-12-07 17:45:32'),
	('1247449635', 'Rahman Tamba', 'AREA 2', 'CITEUREUP', 'ADMIN', '2023-12-07 17:45:32', '2023-12-07 17:45:32'),
	('1252140186', 'Agnes Utami', 'AREA 1', 'CITEUREUP', 'ADMIN', '2023-12-07 17:45:32', '2023-12-07 17:45:32'),
	('125851959', 'Nadia Utami', 'LOGISTIK', 'CITEUREUP', 'ADMIN', '2023-12-07 17:45:32', '2023-12-07 17:45:32'),
	('1261844840', 'Tami Uli Hassanah', 'AREA 1', 'CITEUREUP', 'ADMIN', '2023-12-07 17:45:32', '2023-12-07 17:45:32'),
	('1268565542', 'Mahesa Jaka Uwais S.Psi', 'AREA 2', 'CITEUREUP', 'ADMIN', '2023-12-07 17:45:32', '2023-12-07 17:45:32'),
	('1274788750', 'Zamira Kani Wastuti S.Ked', 'HR', 'CITEUREUP', 'ADMIN', '2023-12-07 17:45:32', '2023-12-07 18:01:34'),
	('1279949934', 'Galang Januar M.M.', 'AREA 1', 'CITEUREUP', 'ADMIN', '2023-12-07 17:45:32', '2023-12-07 17:45:32'),
	('1281063563', 'Lasmanto Martana Wahyudin S.E.', 'AREA 1', 'CITEUREUP', 'ADMIN', '2023-12-07 17:45:32', '2023-12-07 17:45:32'),
	('1285377951', 'Gantar Budiyanto S.Farm', 'LOGISTIK', 'CITEUREUP', 'ADMIN', '2023-12-07 17:45:32', '2023-12-07 17:45:32'),
	('1285960787', 'Kamidin Hidayanto S.Sos', 'LOGISTIK', 'CITEUREUP', 'ADMIN', '2023-12-07 17:45:32', '2023-12-07 17:45:32'),
	('1287849590', 'Edi Wasita', 'BAP', 'CITEUREUP', 'ADMIN', '2023-12-07 17:45:32', '2023-12-07 17:45:32'),
	('1288079799', 'Kartika Sudiati', 'HR', 'CITEUREUP', 'ADMIN', '2023-12-07 17:45:32', '2023-12-07 18:01:31'),
	('1288500140', 'Novi Betania Aryani M.Kom.', 'AREA 1', 'CITEUREUP', 'ADMIN', '2023-12-07 17:45:32', '2023-12-07 17:45:32'),
	('129273452', 'Pia Laksita', 'ISS', 'CITEUREUP', 'ADMIN', '2023-12-07 17:45:32', '2023-12-07 17:45:32'),
	('1305689494', 'Harsanto Mustofa', 'ISS', 'CITEUREUP', 'ADMIN', '2023-12-07 17:45:32', '2023-12-07 17:45:32'),
	('1315868455', 'Gada Saefullah', 'LOGISTIK', 'CITEUREUP', 'ADMIN', '2023-12-07 17:45:32', '2023-12-07 17:45:32'),
	('1328715441', 'Dalima Rahmi Farida S.H.', 'ISS', 'CITEUREUP', 'ADMIN', '2023-12-07 17:45:32', '2023-12-07 17:45:32'),
	('1345244318', 'Cinta Ella Nuraini', 'AREA 1', 'CITEUREUP', 'ADMIN', '2023-12-07 17:45:32', '2023-12-07 17:45:32'),
	('1346443318', 'Reza Hardiansyah', 'AREA 2', 'CITEUREUP', 'ADMIN', '2023-12-07 17:45:32', '2023-12-07 17:45:32'),
	('1361315598', 'Chandra Bajragin Waskita', 'PRODUKSI', 'CITEUREUP', 'ADMIN', '2023-12-07 17:45:32', '2023-12-07 17:45:32'),
	('1366351250', 'Darman Mustofa', 'AREA 2', 'CITEUREUP', 'ADMIN', '2023-12-07 17:45:32', '2023-12-07 17:45:32'),
	('1370413213', 'Aris Tampubolon M.Ak', 'ISS', 'CITEUREUP', 'ADMIN', '2023-12-07 17:45:32', '2023-12-07 17:45:32'),
	('1372693487', 'Prayoga Permadi', 'BAP', 'CITEUREUP', 'ADMIN', '2023-12-07 17:45:32', '2023-12-07 17:45:32'),
	('1376619201', 'Kala Sidiq Suwarno', 'LOGISTIK', 'CITEUREUP', 'ADMIN', '2023-12-07 17:45:32', '2023-12-07 17:45:32'),
	('1378693011', 'Ega Rajata S.Pd', 'AREA 1', 'CITEUREUP', 'ADMIN', '2023-12-07 17:45:32', '2023-12-07 17:45:32'),
	('1380531981', 'Shania Shakila Purwanti', 'LOGISTIK', 'CITEUREUP', 'ADMIN', '2023-12-07 17:45:32', '2023-12-07 17:45:32'),
	('1384000492', 'Ana Maimunah Nuraini', 'LOGISTIK', 'CITEUREUP', 'ADMIN', '2023-12-07 17:45:32', '2023-12-07 17:45:32'),
	('1384795229', 'Olga Maheswara S.Psi', 'LOGISTIK', 'CITEUREUP', 'ADMIN', '2023-12-07 17:45:32', '2023-12-07 17:45:32'),
	('1385047096', 'Ajimat Nardi Marbun', 'AREA 2', 'CITEUREUP', 'ADMIN', '2023-12-07 17:45:32', '2023-12-07 17:45:32'),
	('1395117777', 'Zizi Hassanah M.Kom.', 'AREA 2', 'CITEUREUP', 'ADMIN', '2023-12-07 17:45:32', '2023-12-07 17:45:32'),
	('1403721088', 'Yuni Suryatmi', 'BAP', 'CITEUREUP', 'ADMIN', '2023-12-07 17:45:32', '2023-12-07 17:45:32'),
	('1407161265', 'Genta Haryanti', 'AREA 2', 'CITEUREUP', 'ADMIN', '2023-12-07 17:45:32', '2023-12-07 17:45:32'),
	('1411591557', 'Lidya Kusmawati', 'AREA 1', 'CITEUREUP', 'ADMIN', '2023-12-07 17:45:32', '2023-12-07 17:45:32'),
	('1419132925', 'Radika Hari Maryadi S.Pd', 'ENGINEERING', 'CITEUREUP', 'ADMIN', '2023-12-07 17:45:32', '2023-12-07 17:45:32'),
	('1424757128', 'Jindra Mahendra', 'CATERING LAVI', 'CITEUREUP', 'ADMIN', '2023-12-07 17:45:32', '2023-12-07 17:45:32'),
	('1426599730', 'Unjani Andriani M.M.', 'BAP', 'CITEUREUP', 'ADMIN', '2023-12-07 17:45:32', '2023-12-07 17:45:32'),
	('1428072066', 'Artawan Samosir', 'AREA 1', 'CITEUREUP', 'ADMIN', '2023-12-07 17:45:32', '2023-12-07 17:45:32'),
	('1446751157', 'Oliva Pertiwi', 'AREA 1', 'CITEUREUP', 'ADMIN', '2023-12-07 17:45:32', '2023-12-07 17:45:32'),
	('1459085594', 'Farah Farhunnisa Farida', 'AREA 2', 'CITEUREUP', 'ADMIN', '2023-12-07 17:45:32', '2023-12-07 17:45:32'),
	('1464623347', 'Luthfi Balamantri Sihombing', 'LOGISTIK', 'CITEUREUP', 'ADMIN', '2023-12-07 17:45:32', '2023-12-07 17:45:32'),
	('1472942713', 'Shania Septi Yulianti S.Gz', 'AREA 2', 'CITEUREUP', 'ADMIN', '2023-12-07 17:45:32', '2023-12-07 17:45:32'),
	('1474890235', 'Rina Mardhiyah', 'AREA 1', 'CITEUREUP', 'ADMIN', '2023-12-07 17:45:32', '2023-12-07 17:45:32'),
	('1484708346', 'Lulut Firgantoro', 'TKBM', 'CITEUREUP', 'ADMIN', '2023-12-07 17:45:32', '2023-12-07 17:45:32'),
	('1489027153', 'Danuja Thamrin', 'CATERING RAYA BOGA', 'CITEUREUP', 'ADMIN', '2023-12-07 17:45:32', '2023-12-07 17:45:32'),
	('1493149919', 'Paiman Limar Simanjuntak', 'SECURITY', 'CITEUREUP', 'ADMIN', '2023-12-07 17:45:32', '2023-12-07 18:13:47'),
	('1495717854', 'Heryanto Hendri Natsir', 'BAP', 'CITEUREUP', 'ADMIN', '2023-12-07 17:45:32', '2023-12-07 17:45:32'),
	('1500561221', 'Candrakanta Rajasa', 'AREA 1', 'CITEUREUP', 'ADMIN', '2023-12-07 17:45:32', '2023-12-07 17:45:32'),
	('1507329799', 'Kenes Chandra Habibi M.Ak', 'HR', 'CITEUREUP', 'ADMIN', '2023-12-07 17:45:32', '2023-12-07 18:01:38'),
	('1507389907', 'Suci Purnawati S.E.I', 'AREA 1', 'CITEUREUP', 'ADMIN', '2023-12-07 17:45:32', '2023-12-07 17:45:32'),
	('1510406192', 'Nadine Padmasari', 'AREA 2', 'CITEUREUP', 'ADMIN', '2023-12-07 17:45:32', '2023-12-07 17:45:32'),
	('1510753892', 'Ajimat Garda Waskita S.Sos', 'ISS', 'CITEUREUP', 'ADMIN', '2023-12-07 17:45:32', '2023-12-07 17:45:32'),
	('1513259284', 'Fathonah Kezia Pudjiastuti M.Ak', 'AREA 1', 'CITEUREUP', 'ADMIN', '2023-12-07 17:45:32', '2023-12-07 17:45:32'),
	('1532553063', 'Kenzie Wibisono', 'AREA 2', 'CITEUREUP', 'ADMIN', '2023-12-07 17:45:32', '2023-12-07 17:45:32'),
	('1544440290', 'Wardi Natsir M.Ak', 'LOGISTIK', 'CITEUREUP', 'ADMIN', '2023-12-07 17:45:32', '2023-12-07 17:45:32'),
	('1549775335', 'Wahyu Budiyanto', 'AREA 1', 'CITEUREUP', 'ADMIN', '2023-12-07 17:45:32', '2023-12-07 17:45:32'),
	('1575740157', 'Puti Laksmiwati', 'SECURITY', 'CITEUREUP', 'ADMIN', '2023-12-07 17:45:32', '2023-12-07 18:00:12'),
	('1576105097', 'Dodo Firgantoro', 'ISS', 'CITEUREUP', 'ADMIN', '2023-12-07 17:45:32', '2023-12-07 17:45:32'),
	('1583881878', 'Cawisadi Nalar Rajata S.I.Kom', 'AREA 1', 'CITEUREUP', 'ADMIN', '2023-12-07 17:45:32', '2023-12-07 17:45:32'),
	('159917300', 'Latif Manullang', 'AREA 2', 'CITEUREUP', 'ADMIN', '2023-12-07 17:45:32', '2023-12-07 17:45:32'),
	('1617396495', 'Rangga Gadang Pradana M.Ak', 'TKBM', 'CITEUREUP', 'ADMIN', '2023-12-07 17:45:32', '2023-12-07 17:45:32'),
	('1617493291', 'Jumari Maulana', 'LOGISTIK', 'CITEUREUP', 'ADMIN', '2023-12-07 17:45:32', '2023-12-07 17:45:32'),
	('1620849454', 'Danang Ardianto', 'AREA 1', 'CITEUREUP', 'ADMIN', '2023-12-07 17:45:32', '2023-12-07 17:45:32'),
	('1633103083', 'Devi Hastuti', 'AREA 2', 'CITEUREUP', 'ADMIN', '2023-12-07 17:45:32', '2023-12-07 17:45:32'),
	('1641400054', 'Padmi Jasmin Rahimah', 'AREA 1', 'CITEUREUP', 'ADMIN', '2023-12-07 17:45:32', '2023-12-07 17:45:32'),
	('1652328286', 'Fathonah Hartati', 'ISS', 'CITEUREUP', 'ADMIN', '2023-12-07 17:45:32', '2023-12-07 17:45:32'),
	('1653166883', 'Gawati Suryatmi M.TI.', 'Performance', 'CITEUREUP', 'ADMIN', '2023-12-07 17:45:32', '2023-12-07 17:45:32'),
	('1657000168', 'Syahrini Halimah M.Ak', 'LOGISTIK', 'CITEUREUP', 'ADMIN', '2023-12-07 17:45:32', '2023-12-07 17:45:32'),
	('1680633444', 'Fitriani Suci Zulaika', 'QA', 'CITEUREUP', 'ADMIN', '2023-12-07 17:45:32', '2023-12-07 17:45:32'),
	('1681678625', 'Maimunah Mulyani S.Kom', 'AREA 1', 'CITEUREUP', 'ADMIN', '2023-12-07 17:45:32', '2023-12-07 17:45:32'),
	('1693664952', 'Natalia Kamaria Laksita', 'AREA 2', 'CITEUREUP', 'ADMIN', '2023-12-07 17:45:32', '2023-12-07 17:45:32'),
	('1695541434', 'Yuliana Wastuti', 'AREA 2', 'CITEUREUP', 'ADMIN', '2023-12-07 17:45:32', '2023-12-07 17:45:32'),
	('1697185337', 'Ajiono Sitompul', 'LOGISTIK', 'CITEUREUP', 'ADMIN', '2023-12-07 17:45:32', '2023-12-07 17:45:32'),
	('1698689014', 'Bagus Prabowo', 'QA', 'CITEUREUP', 'ADMIN', '2023-12-07 17:45:32', '2023-12-07 17:45:32'),
	('170751676', 'Gangsar Wawan Habibi', 'AREA 2', 'CITEUREUP', 'ADMIN', '2023-12-07 17:45:32', '2023-12-07 17:45:32'),
	('174789910', 'Embuh Damanik', 'ISS', 'CITEUREUP', 'ADMIN', '2023-12-07 17:45:32', '2023-12-07 17:45:32'),
	('175325936', 'Belinda Nurdiyanti S.Kom', 'ISS', 'CITEUREUP', 'ADMIN', '2023-12-07 17:45:32', '2023-12-07 17:45:32'),
	('189914459', 'Atma Siregar', 'QA', 'CITEUREUP', 'ADMIN', '2023-12-07 17:45:32', '2023-12-07 17:45:32'),
	('201966202', 'Ciaobella Prastuti', 'BAP', 'CITEUREUP', 'ADMIN', '2023-12-07 17:45:32', '2023-12-07 17:45:32'),
	('21165811', 'Ratna Permata', 'LOGISTIK', 'CITEUREUP', 'ADMIN', '2023-12-07 17:45:32', '2023-12-07 17:45:32'),
	('221478873', 'Cici Maryati S.E.I', 'LOGISTIK', 'CITEUREUP', 'ADMIN', '2023-12-07 17:45:32', '2023-12-07 17:45:32'),
	('231311053', 'Septi Oktaviani S.E.I', 'AREA 2', 'CITEUREUP', 'ADMIN', '2023-12-07 17:45:32', '2023-12-07 17:45:32'),
	('236596173', 'Mahesa Manullang M.Ak', 'AREA 2', 'CITEUREUP', 'ADMIN', '2023-12-07 17:45:32', '2023-12-07 17:45:32'),
	('240505098', 'Putri Dina Yuniar M.TI.', 'AREA 1', 'CITEUREUP', 'ADMIN', '2023-12-07 17:45:32', '2023-12-07 17:45:32'),
	('244060967', 'Ifa Hesti Nurdiyanti S.E.I', 'AREA 1', 'CITEUREUP', 'ADMIN', '2023-12-07 17:45:32', '2023-12-07 17:45:32'),
	('258176984', 'Saka Wibowo', 'LOGISTIK', 'CITEUREUP', 'ADMIN', '2023-12-07 17:45:32', '2023-12-07 17:45:32'),
	('260977259', 'Paris Handayani', 'SECURITY', 'CITEUREUP', 'ADMIN', '2023-12-07 17:45:32', '2023-12-07 18:00:12'),
	('273577863', 'Bella Nuraini', 'LOGISTIK', 'CITEUREUP', 'ADMIN', '2023-12-07 17:45:32', '2023-12-07 17:45:32'),
	('274961589', 'Cecep Empluk Nainggolan', 'QA', 'CITEUREUP', 'ADMIN', '2023-12-07 17:45:32', '2023-12-07 17:45:32'),
	('2857210', 'Kenari Kanda Mangunsong', 'AREA 1', 'CITEUREUP', 'ADMIN', '2023-12-07 17:45:32', '2023-12-07 17:45:32'),
	('288675904', 'Siti Mutia Utami S.Gz', 'AREA 2', 'CITEUREUP', 'ADMIN', '2023-12-07 17:45:32', '2023-12-07 17:45:32'),
	('319283716', 'Betania Hastuti', 'HR', 'CITEUREUP', 'ADMIN', '2023-12-07 17:45:32', '2023-12-07 18:01:42'),
	('32284379', 'Galiono Cayadi Januar', 'SECURITY', 'CITEUREUP', 'ADMIN', '2023-12-07 17:45:32', '2023-12-07 18:00:12'),
	('346021451', 'Vanya Almira Susanti', 'LOGISTIK', 'CITEUREUP', 'ADMIN', '2023-12-07 17:45:32', '2023-12-07 17:45:32'),
	('354669623', 'Lili Victoria Mardhiyah S.T.', 'LOGISTIK', 'CITEUREUP', 'ADMIN', '2023-12-07 17:45:32', '2023-12-07 17:45:32'),
	('358660707', 'Adiarja Simanjuntak', 'AREA 1', 'CITEUREUP', 'ADMIN', '2023-12-07 17:45:32', '2023-12-07 17:45:32'),
	('363648487', 'Irwan Winarno', 'AREA 2', 'CITEUREUP', 'ADMIN', '2023-12-07 17:45:32', '2023-12-07 17:45:32'),
	('377210462', 'Radika Saiful Habibi', 'LOGISTIK', 'CITEUREUP', 'ADMIN', '2023-12-07 17:45:32', '2023-12-07 17:45:32'),
	('383241973', 'Himawan Winarno', 'AREA 1', 'CITEUREUP', 'ADMIN', '2023-12-07 17:45:32', '2023-12-07 17:45:32'),
	('384462220', 'Zahra Astuti', 'AREA 1', 'CITEUREUP', 'ADMIN', '2023-12-07 17:45:32', '2023-12-07 17:45:32'),
	('388776476', 'Yunita Laksmiwati S.E.I', 'ISS', 'CITEUREUP', 'ADMIN', '2023-12-07 17:45:32', '2023-12-07 17:45:32'),
	('393530263', 'Raden Bagus Najmudin', 'ISS', 'CITEUREUP', 'ADMIN', '2023-12-07 17:45:32', '2023-12-07 17:45:32'),
	('406984615', 'Lala Ratna Suryatmi S.Pd', 'LOGISTIK', 'CITEUREUP', 'ADMIN', '2023-12-07 17:45:32', '2023-12-07 17:45:32'),
	('43749613', 'Prabowo Wakiman Nainggolan', 'LOGISTIK', 'CITEUREUP', 'ADMIN', '2023-12-07 17:45:32', '2023-12-07 17:45:32'),
	('439527994', 'Martani Ardianto', 'SR', 'CITEUREUP', 'ADMIN', '2023-12-07 17:45:32', '2023-12-07 17:45:32'),
	('442755763', 'Gilda Tiara Pudjiastuti', 'LOGISTIK', 'CITEUREUP', 'ADMIN', '2023-12-07 17:45:32', '2023-12-07 17:45:32'),
	('449732874', 'Okto Adinata Dabukke', 'QA', 'CITEUREUP', 'ADMIN', '2023-12-07 17:45:32', '2023-12-07 17:45:32'),
	('450159520', 'Panca Cager Manullang', 'ISS', 'CITEUREUP', 'ADMIN', '2023-12-07 17:45:32', '2023-12-07 17:45:32'),
	('453315080', 'Pia Melani', 'AREA 1', 'CITEUREUP', 'ADMIN', '2023-12-07 17:45:32', '2023-12-07 17:45:32'),
	('454381987', 'Purwanto Heryanto Thamrin M.Pd', 'AREA 2', 'CITEUREUP', 'ADMIN', '2023-12-07 17:45:32', '2023-12-07 17:45:32'),
	('462339658', 'Nadine Novitasari S.E.', 'AREA 1', 'CITEUREUP', 'ADMIN', '2023-12-07 17:45:32', '2023-12-07 17:45:32'),
	('47041831', 'Silvia Mardhiyah', 'AREA 2', 'CITEUREUP', 'ADMIN', '2023-12-07 17:45:32', '2023-12-07 17:45:32'),
	('471461093', 'Talia Kuswandari', 'AREA 1', 'CITEUREUP', 'ADMIN', '2023-12-07 17:45:32', '2023-12-07 17:45:32'),
	('484836068', 'Syahrini Wijayanti', 'ISS', 'CITEUREUP', 'ADMIN', '2023-12-07 17:45:32', '2023-12-07 17:45:32'),
	('504929383', 'Laras Halimah', 'ISS', 'CITEUREUP', 'ADMIN', '2023-12-07 17:45:32', '2023-12-07 17:45:32'),
	('510304068', 'Hilda Nasyidah S.E.I', 'LOGISTIK', 'CITEUREUP', 'ADMIN', '2023-12-07 17:45:32', '2023-12-07 17:45:32'),
	('511787060', 'Pranata Kawaca Hardiansyah', 'AREA 1', 'CITEUREUP', 'ADMIN', '2023-12-07 17:45:32', '2023-12-07 17:45:32'),
	('525263705', 'Cindy Nasyiah', 'AREA 1', 'CITEUREUP', 'ADMIN', '2023-12-07 17:45:32', '2023-12-07 17:45:32'),
	('530200235', 'Bakiadi Naradi Damanik M.Farm', 'AREA 2', 'CITEUREUP', 'ADMIN', '2023-12-07 17:45:32', '2023-12-07 17:45:32'),
	('558539835', 'Kani Nuraini', 'AREA 1', 'CITEUREUP', 'ADMIN', '2023-12-07 17:45:32', '2023-12-07 17:45:32'),
	('570783167', 'Victoria Suartini S.Pt', 'AREA 2', 'CITEUREUP', 'ADMIN', '2023-12-07 17:45:32', '2023-12-07 17:45:32'),
	('581103567', 'Dewi Oktaviani S.Ked', 'LOGISTIK', 'CITEUREUP', 'ADMIN', '2023-12-07 17:45:32', '2023-12-07 17:45:32'),
	('58787997', 'Cawisono Nyoman Saefullah S.H.', 'AREA 1', 'CITEUREUP', 'ADMIN', '2023-12-07 17:45:32', '2023-12-07 17:45:32'),
	('593498785', 'Calista Anggraini', 'LOGISTIK', 'CITEUREUP', 'ADMIN', '2023-12-07 17:45:32', '2023-12-07 17:45:32'),
	('606987154', 'Atmaja Firmansyah', 'AREA 2', 'CITEUREUP', 'ADMIN', '2023-12-07 17:45:32', '2023-12-07 17:45:32'),
	('621869835', 'Darijan Endra Pradana', 'AREA 2', 'CITEUREUP', 'ADMIN', '2023-12-07 17:45:32', '2023-12-07 17:45:32'),
	('624092481', 'Langgeng Santoso', 'AREA 1', 'CITEUREUP', 'ADMIN', '2023-12-07 17:45:32', '2023-12-07 17:45:32'),
	('625828994', 'Cengkal Halim', 'AREA 1', 'CITEUREUP', 'ADMIN', '2023-12-07 17:45:32', '2023-12-07 17:45:32'),
	('626413976', 'Oliva Kamila Nurdiyanti', 'ISS', 'CITEUREUP', 'ADMIN', '2023-12-07 17:45:32', '2023-12-07 17:45:32'),
	('639215999', 'Marwata Napitupulu', 'ISS', 'CITEUREUP', 'ADMIN', '2023-12-07 17:45:32', '2023-12-07 17:45:32'),
	('643820294', 'Bella Nuraini', 'LOGISTIK', 'CITEUREUP', 'ADMIN', '2023-12-07 17:45:32', '2023-12-07 17:45:32'),
	('649422747', 'Muni Pradana S.T.', 'AREA 1', 'CITEUREUP', 'ADMIN', '2023-12-07 17:45:32', '2023-12-07 17:45:32'),
	('65323588', 'Asirwanda Cemeti Sitorus', 'HR', 'CITEUREUP', 'ADMIN', '2023-12-07 17:45:32', '2023-12-07 18:01:52'),
	('670301556', 'Cornelia Wastuti S.E.I', 'LOGISTIK', 'CITEUREUP', 'ADMIN', '2023-12-07 17:45:32', '2023-12-07 17:45:32'),
	('671329452', 'Cengkir Wakiman Pangestu', 'AREA 1', 'CITEUREUP', 'ADMIN', '2023-12-07 17:45:32', '2023-12-07 17:45:32'),
	('678115889', 'Kania Melani', 'AREA 1', 'CITEUREUP', 'ADMIN', '2023-12-07 17:45:32', '2023-12-07 17:45:32'),
	('695700244', 'Prabawa Mansur S.Pd', 'AREA 1', 'CITEUREUP', 'ADMIN', '2023-12-07 17:45:32', '2023-12-07 17:45:32'),
	('709157925', 'Faizah Mardhiyah', 'LOGISTIK', 'CITEUREUP', 'ADMIN', '2023-12-07 17:45:32', '2023-12-07 17:45:32'),
	('710014752', 'Nardi Hutagalung', 'AREA 1', 'CITEUREUP', 'ADMIN', '2023-12-07 17:45:32', '2023-12-07 17:45:32'),
	('732707002', 'Bagas Pandu Sitompul S.Kom', 'AREA 2', 'CITEUREUP', 'ADMIN', '2023-12-07 17:45:32', '2023-12-07 17:45:32'),
	('734980205', 'Manah Permadi M.TI.', 'AREA 1', 'CITEUREUP', 'ADMIN', '2023-12-07 17:45:32', '2023-12-07 17:45:32'),
	('743140268', 'Prayogo Widodo', 'AREA 2', 'CITEUREUP', 'ADMIN', '2023-12-07 17:45:32', '2023-12-07 17:45:32'),
	('75259955', 'Ina Novitasari S.Ked', 'AREA 2', 'CITEUREUP', 'ADMIN', '2023-12-07 17:45:32', '2023-12-07 17:45:32'),
	('776465394', 'Shakila Rahmawati', 'AREA 1', 'CITEUREUP', 'ADMIN', '2023-12-07 17:45:32', '2023-12-07 17:45:32'),
	('77753188', 'Gamblang Prasetya S.Pt', 'AREA 2', 'CITEUREUP', 'ADMIN', '2023-12-07 17:45:32', '2023-12-07 17:45:32'),
	('779289521', 'Prabowo Firgantoro', 'QA', 'CITEUREUP', 'ADMIN', '2023-12-07 17:45:32', '2023-12-07 17:45:32'),
	('78375069', 'Zalindra Handayani', 'AREA 1', 'CITEUREUP', 'ADMIN', '2023-12-07 17:45:32', '2023-12-07 17:45:32'),
	('794177370', 'Rini Agustina', 'AREA 2', 'CITEUREUP', 'ADMIN', '2023-12-07 17:45:32', '2023-12-07 17:45:32'),
	('800165860', 'Mila Gabriella Zulaika M.Ak', 'ISS', 'CITEUREUP', 'ADMIN', '2023-12-07 17:45:32', '2023-12-07 17:45:32'),
	('801847562', 'Oman Mustofa', 'AREA 1', 'CITEUREUP', 'ADMIN', '2023-12-07 17:45:32', '2023-12-07 17:45:32'),
	('804139970', 'Diana Endah Namaga S.Farm', 'QA', 'CITEUREUP', 'ADMIN', '2023-12-07 17:45:32', '2023-12-07 17:45:32'),
	('805727960', 'Puji Unjani Oktaviani S.E.I', 'AREA 1', 'CITEUREUP', 'ADMIN', '2023-12-07 17:45:32', '2023-12-07 17:45:32'),
	('832858212', 'Hamima Kuswandari S.E.', 'LOGISTIK', 'CITEUREUP', 'ADMIN', '2023-12-07 17:45:32', '2023-12-07 17:45:32'),
	('835849893', 'Dian Puspita', 'AREA 2', 'CITEUREUP', 'ADMIN', '2023-12-07 17:45:32', '2023-12-07 17:45:32'),
	('851637813', 'Nyoman Gatra Gunarto', 'ISS', 'CITEUREUP', 'ADMIN', '2023-12-07 17:45:32', '2023-12-07 17:45:32'),
	('854983852', 'Bakiadi Kunthara Waskita', 'AREA 1', 'CITEUREUP', 'ADMIN', '2023-12-07 17:45:32', '2023-12-07 17:45:32'),
	('855287893', 'Nilam Mulyani', 'LOGISTIK', 'CITEUREUP', 'ADMIN', '2023-12-07 17:45:32', '2023-12-07 17:45:32'),
	('860198926', 'Yusuf Hamzah Hidayat', 'AREA 1', 'CITEUREUP', 'ADMIN', '2023-12-07 17:45:32', '2023-12-07 17:45:32'),
	('872917791', 'Dwi Raharja Pranowo S.Kom', 'QA', 'CITEUREUP', 'ADMIN', '2023-12-07 17:45:32', '2023-12-07 17:45:32'),
	('879399948', 'Akarsana Mandala S.Kom', 'AREA 2', 'CITEUREUP', 'ADMIN', '2023-12-07 17:45:32', '2023-12-07 17:45:32'),
	('895185787', 'Zulaikha Safitri', 'AREA 1', 'CITEUREUP', 'ADMIN', '2023-12-07 17:45:32', '2023-12-07 17:45:32'),
	('90250241', 'Makuta Wisnu Zulkarnain S.Pd', 'LOGISTIK', 'CITEUREUP', 'ADMIN', '2023-12-07 17:45:32', '2023-12-07 17:45:32'),
	('916976800', 'Gangsa Agus Pangestu', 'AREA 1', 'CITEUREUP', 'ADMIN', '2023-12-07 17:45:32', '2023-12-07 17:45:32'),
	('92408650', 'Titin Rahimah S.E.', 'QA', 'CITEUREUP', 'ADMIN', '2023-12-07 17:45:32', '2023-12-07 17:45:32'),
	('925115291', 'Ibrani Rajata', 'HR', 'CITEUREUP', 'ADMIN', '2023-12-07 17:45:32', '2023-12-07 18:01:57'),
	('927446379', 'Kiandra Mayasari', 'AREA 1', 'CITEUREUP', 'ADMIN', '2023-12-07 17:45:32', '2023-12-07 17:45:32'),
	('939427455', 'Siska Rahmawati M.Ak', 'AREA 1', 'CITEUREUP', 'ADMIN', '2023-12-07 17:45:32', '2023-12-07 17:45:32'),
	('940544353', 'Jinawi Kenari Wibowo', 'QA', 'CITEUREUP', 'ADMIN', '2023-12-07 17:45:32', '2023-12-07 17:45:32'),
	('943677511', 'Ani Hassanah S.Gz', 'AREA 2', 'CITEUREUP', 'ADMIN', '2023-12-07 17:45:32', '2023-12-07 17:45:32'),
	('94948690', 'Joko Kardi Waskita', 'AREA 1', 'CITEUREUP', 'ADMIN', '2023-12-07 17:45:32', '2023-12-07 17:45:32'),
	('955634898', 'Bakiadi Anggriawan', 'QA', 'CITEUREUP', 'ADMIN', '2023-12-07 17:45:32', '2023-12-07 17:45:32'),
	('965434080', 'Drajat Putra', 'AREA 1', 'CITEUREUP', 'ADMIN', '2023-12-07 17:45:32', '2023-12-07 17:45:32'),
	('97433359', 'Omar Simanjuntak', 'QA', 'CITEUREUP', 'ADMIN', '2023-12-07 17:45:32', '2023-12-07 17:45:32'),
	('980535017', 'Hesti Vanesa Palastri S.H.', 'AREA 1', 'CITEUREUP', 'ADMIN', '2023-12-07 17:45:32', '2023-12-07 17:45:32'),
	('988991938', 'Ilyas Mandala', 'AREA 1', 'CITEUREUP', 'ADMIN', '2023-12-07 17:45:32', '2023-12-07 17:45:32');

-- Dumping structure for table db_eparkir.tbm_kendaraan
CREATE TABLE IF NOT EXISTS `tbm_kendaraan` (
  `nik` varchar(50) NOT NULL,
  `plant` varchar(50) NOT NULL,
  `no_kendaraan` varchar(50) NOT NULL,
  `jenis_kendaraan` varchar(50) NOT NULL,
  `nama` varchar(50) NOT NULL,
  `no_sim` varchar(50) NOT NULL,
  `create_by` varchar(50) NOT NULL DEFAULT 'ADMIN',
  `create_date` timestamp NOT NULL DEFAULT current_timestamp(),
  `update_date` timestamp NOT NULL DEFAULT current_timestamp() ON UPDATE current_timestamp(),
  PRIMARY KEY (`no_kendaraan`) USING BTREE
) ENGINE=InnoDB DEFAULT CHARSET=utf8mb4 ROW_FORMAT=DYNAMIC;

-- Dumping data for table db_eparkir.tbm_kendaraan: ~199 rows (approximately)
INSERT INTO `tbm_kendaraan` (`nik`, `plant`, `no_kendaraan`, `jenis_kendaraan`, `nama`, `no_sim`, `create_by`, `create_date`, `update_date`) VALUES
	('734980205', 'CITEUREUP', 'AA6332YC', 'Motor', 'Manah Permadi M.TI.', '1647594150', 'ADMIN', '2023-12-07 17:54:46', '2023-12-07 17:54:46'),
	('1424757128', 'CITEUREUP', 'B1986UKF', 'Mobil', 'Jindra Mahendra', '1318525711', 'ADMIN', '2023-12-07 17:54:46', '2023-12-07 17:54:46'),
	('260977259', 'CITEUREUP', 'B3209THS', 'Motor', 'Paris Handayani', '1134771922', 'ADMIN', '2023-12-07 17:54:46', '2023-12-07 17:54:46'),
	('649422747', 'CITEUREUP', 'B3251EEY', 'Motor', 'Muni Pradana S.T.', '384769667', 'ADMIN', '2023-12-07 17:54:46', '2023-12-07 17:54:46'),
	('860198926', 'CITEUREUP', 'B3258NDS', 'Motor', 'Yusuf Hamzah Hidayat', '855196773', 'ADMIN', '2023-12-07 17:54:46', '2023-12-07 17:54:46'),
	('1652328286', 'CITEUREUP', 'B3536EMR', 'Motor', 'Fathonah Hartati', '488152133', 'ADMIN', '2023-12-07 17:54:46', '2023-12-07 17:54:46'),
	('1370413213', 'CITEUREUP', 'B3583EDE', 'Motor', 'Aris Tampubolon M.Ak', '879956686', 'ADMIN', '2023-12-07 17:54:46', '2023-12-07 17:54:46'),
	('670301556', 'CITEUREUP', 'B3738FTF', 'Motor', 'Cornelia Wastuti S.E.I', '852068467', 'ADMIN', '2023-12-07 17:54:46', '2023-12-07 17:54:46'),
	('78375069', 'CITEUREUP', 'B3782FAB', 'Motor', 'Zalindra Handayani', '306631065', 'ADMIN', '2023-12-07 17:54:46', '2023-12-07 17:54:46'),
	('1103667755', 'CITEUREUP', 'B3904EDP', 'Motor', 'Sabri Rahman Napitupulu M.Kom.', '513088649', 'ADMIN', '2023-12-07 17:54:46', '2023-12-07 17:54:46'),
	('1285960787', 'CITEUREUP', 'B4533FEE', 'Motor', 'Kamidin Hidayanto S.Sos', '1583531660', 'ADMIN', '2023-12-07 17:54:46', '2023-12-07 17:54:46'),
	('1261844840', 'CITEUREUP', 'B4764TAO', 'Motor', 'Tami Uli Hassanah', '645377054', 'ADMIN', '2023-12-07 17:54:46', '2023-12-07 17:54:46'),
	('1', 'CITEUREUP', 'B4891', 'Mobil', 'Admin', '895380636', 'Admin', '2023-12-07 17:54:46', '2023-12-08 08:51:23'),
	('1495717854', 'CITEUREUP', 'B6232ZNI', 'Motor', 'Heryanto Hendri Natsir', '963537518', 'ADMIN', '2023-12-07 17:54:46', '2023-12-07 17:54:46'),
	('800165860', 'CITEUREUP', 'B6282KJB', 'Motor', 'Mila Gabriella Zulaika M.Ak', '530244151', 'ADMIN', '2023-12-07 17:54:46', '2023-12-07 17:54:46'),
	('393530263', 'CITEUREUP', 'B6329PCZ', 'Motor', 'Raden Bagus Najmudin', '591713170', 'ADMIN', '2023-12-07 17:54:46', '2023-12-07 17:54:46'),
	('743140268', 'CITEUREUP', 'B6544TML', 'Motor', 'Prayogo Widodo', '1345655004', 'ADMIN', '2023-12-07 17:54:46', '2023-12-07 17:54:46'),
	('643820294', 'CITEUREUP', 'B6787KVV', 'Motor', 'Bella Nuraini', '217322106', 'ADMIN', '2023-12-07 17:54:46', '2023-12-07 17:54:46'),
	('1008616618', 'CITEUREUP', 'B6935ZKX', 'Motor', 'Among Waluyo', '1645640037', 'ADMIN', '2023-12-07 17:54:46', '2023-12-07 17:54:46'),
	('988991938', 'CITEUREUP', 'F1132PD', 'Mobil', 'Ilyas Mandala', '977416719', 'ADMIN', '2023-12-07 17:54:46', '2023-12-07 17:54:46'),
	('511787060', 'CITEUREUP', 'F1453RW', 'Mobil', 'Pranata Kawaca Hardiansyah', '1317382608', 'ADMIN', '2023-12-07 17:54:46', '2023-12-07 17:54:46'),
	('671329452', 'CITEUREUP', 'F1513PI', 'Mobil', 'Cengkir Wakiman Pangestu', '835966545', 'ADMIN', '2023-12-07 17:54:46', '2023-12-07 17:54:46'),
	('832858212', 'CITEUREUP', 'F1790NP', 'Mobil', 'Hamima Kuswandari S.E.', '305996539', 'ADMIN', '2023-12-07 17:54:46', '2023-12-07 17:54:46'),
	('1380531981', 'CITEUREUP', 'F2093FDZ', 'Motor', 'Shania Shakila Purwanti', '169850416', 'ADMIN', '2023-12-07 17:54:46', '2023-12-07 17:54:46'),
	('1208110954', 'CITEUREUP', 'F2109FIL', 'Motor', 'Hamzah Arsipatra Pradana', '502057160', 'ADMIN', '2023-12-07 17:54:46', '2023-12-07 17:54:46'),
	('872917791', 'CITEUREUP', 'F2138NO', 'Motor', 'Dwi Raharja Pranowo S.Kom', '46471617', 'ADMIN', '2023-12-07 17:54:46', '2023-12-07 17:54:46'),
	('346021451', 'CITEUREUP', 'F2156FBE', 'Motor', 'Vanya Almira Susanti', '781413891', 'ADMIN', '2023-12-07 17:54:46', '2023-12-07 17:54:46'),
	('1507329799', 'CITEUREUP', 'F2160FW', 'Motor', 'Kenes Chandra Habibi M.Ak', '1313501394', 'ADMIN', '2023-12-07 17:54:46', '2023-12-07 17:54:46'),
	('442755763', 'CITEUREUP', 'F2183FE', 'Motor', 'Gilda Tiara Pudjiastuti', '1532218875', 'ADMIN', '2023-12-07 17:54:46', '2023-12-07 17:54:46'),
	('1037698612', 'CITEUREUP', 'F2204FBL', 'Motor', 'Nova Nuraini M.Pd', '988775797', 'ADMIN', '2023-12-07 17:54:46', '2023-12-07 17:54:46'),
	('1328715441', 'CITEUREUP', 'F2273FCH', 'Motor', 'Dalima Rahmi Farida S.H.', '220355302', 'ADMIN', '2023-12-07 17:54:46', '2023-12-07 17:54:46'),
	('1378693011', 'CITEUREUP', 'F2284MD', 'Motor', 'Ega Rajata S.Pd', '498136144', 'ADMIN', '2023-12-07 17:54:46', '2023-12-07 17:54:46'),
	('1014941288', 'CITEUREUP', 'F2312UAW', 'Motor', 'Paulin Oktaviani', '1272854291', 'ADMIN', '2023-12-07 17:54:46', '2023-12-07 17:54:46'),
	('288675904', 'CITEUREUP', 'F2321FFS', 'Motor', 'Siti Mutia Utami S.Gz', '1497811188', 'ADMIN', '2023-12-07 17:54:46', '2023-12-07 17:54:46'),
	('1315868455', 'CITEUREUP', 'F2347FAO', 'Motor', 'Gada Saefullah', '148479038', 'ADMIN', '2023-12-07 17:54:46', '2023-12-07 17:54:46'),
	('1472942713', 'CITEUREUP', 'F2388KR', 'Motor', 'Shania Septi Yulianti S.Gz', '100759263', 'ADMIN', '2023-12-07 17:54:46', '2023-12-07 17:54:46'),
	('125851959', 'CITEUREUP', 'F2390FBE', 'Motor', 'Nadia Utami', '1051336283', 'ADMIN', '2023-12-07 17:54:46', '2023-12-07 17:54:46'),
	('92408650', 'CITEUREUP', 'F2416RO', 'Motor', 'Titin Rahimah S.E.', '358760925', 'ADMIN', '2023-12-07 17:54:46', '2023-12-07 17:54:46'),
	('1252140186', 'CITEUREUP', 'F2417MF', 'Motor', 'Agnes Utami', '1684855582', 'ADMIN', '2023-12-07 17:54:46', '2023-12-07 17:54:46'),
	('450159520', 'CITEUREUP', 'F2450FHF', 'Motor', 'Panca Cager Manullang', '844834353', 'ADMIN', '2023-12-07 17:54:46', '2023-12-07 17:54:46'),
	('484836068', 'CITEUREUP', 'F2647IP', 'Motor', 'Syahrini Wijayanti', '1634593464', 'ADMIN', '2023-12-07 17:54:46', '2023-12-07 17:54:46'),
	('1464623347', 'CITEUREUP', 'F2659fhg', 'Motor', 'Luthfi Balamantri Sihombing', '451973860', 'ADMIN', '2023-12-07 17:54:46', '2023-12-07 17:54:46'),
	('624092481', 'CITEUREUP', 'F2670LU', 'Motor', 'Langgeng Santoso', '72309426', 'ADMIN', '2023-12-07 17:54:46', '2023-12-07 17:54:46'),
	('1288079799', 'CITEUREUP', 'F2677FHJ', 'Motor', 'Kartika Sudiati', '349391127', 'ADMIN', '2023-12-07 17:54:46', '2023-12-07 17:54:46'),
	('21165811', 'CITEUREUP', 'F2725JC', 'Motor', 'Ratna Permata', '1534251014', 'ADMIN', '2023-12-07 17:54:46', '2023-12-07 17:54:46'),
	('943677511', 'CITEUREUP', 'F2743LG', 'Motor', 'Ani Hassanah S.Gz', '1493593979', 'ADMIN', '2023-12-07 17:54:46', '2023-12-07 17:54:46'),
	('1493149919', 'CITEUREUP', 'F2778FAC', 'Motor', 'Paiman Limar Simanjuntak', '914375194', 'ADMIN', '2023-12-07 17:54:46', '2023-12-07 18:14:05'),
	('626413976', 'CITEUREUP', 'F2810PA', 'Motor', 'Oliva Kamila Nurdiyanti', '767679345', 'ADMIN', '2023-12-07 17:54:46', '2023-12-07 17:54:46'),
	('454381987', 'CITEUREUP', 'F2904CG', 'Motor', 'Purwanto Heryanto Thamrin M.Pd', '809039757', 'ADMIN', '2023-12-07 17:54:46', '2023-12-07 17:54:46'),
	('1459085594', 'CITEUREUP', 'F2926FF', 'Motor', 'Farah Farhunnisa Farida', '636307966', 'ADMIN', '2023-12-07 17:54:46', '2023-12-07 17:54:46'),
	('1681678625', 'CITEUREUP', 'F3010JQ', 'Motor', 'Maimunah Mulyani S.Kom', '1398548771', 'ADMIN', '2023-12-07 17:54:46', '2023-12-07 17:54:46'),
	('1510406192', 'CITEUREUP', 'F3103KX', 'Motor', 'Nadine Padmasari', '822185966', 'ADMIN', '2023-12-07 17:54:46', '2023-12-07 17:54:46'),
	('776465394', 'CITEUREUP', 'F3122KV', 'Motor', 'Shakila Rahmawati', '815717307', 'ADMIN', '2023-12-07 17:54:46', '2023-12-07 17:54:46'),
	('1653166883', 'CITEUREUP', 'F3212GY', 'Motor', 'Gawati Suryatmi M.TI.', '838907151', 'ADMIN', '2023-12-07 17:54:46', '2023-12-07 17:54:46'),
	('43749613', 'CITEUREUP', 'F3226NM', 'Motor', 'Prabowo Wakiman Nainggolan', '24196399', 'ADMIN', '2023-12-07 17:54:46', '2023-12-07 17:54:46'),
	('1346443318', 'CITEUREUP', 'F3233MB', 'Motor', 'Reza Hardiansyah', '1553871385', 'ADMIN', '2023-12-07 17:54:46', '2023-12-07 17:54:46'),
	('1123840187', 'CITEUREUP', 'F3273FEK', 'Motor', 'Puput Astuti', '1192438975', 'ADMIN', '2023-12-07 17:54:46', '2023-12-07 17:54:46'),
	('1281063563', 'CITEUREUP', 'F3280KI', 'Motor', 'Lasmanto Martana Wahyudin S.E.', '1512900210', 'ADMIN', '2023-12-07 17:54:46', '2023-12-07 17:54:46'),
	('97433359', 'CITEUREUP', 'F3298RL', 'Motor', 'Omar Simanjuntak', '194559243', 'ADMIN', '2023-12-07 17:54:46', '2023-12-07 17:54:46'),
	('1205013419', 'CITEUREUP', 'F3359FDB', 'Motor', 'Prasetyo Dacin Hidayanto S.Kom', '1312004235', 'ADMIN', '2023-12-07 17:54:46', '2023-12-07 17:54:46'),
	('32284379', 'CITEUREUP', 'F3370LU', 'Motor', 'Galiono Cayadi Januar', '284217993', 'ADMIN', '2023-12-07 17:54:46', '2023-12-07 17:54:46'),
	('530200235', 'CITEUREUP', 'F3374FFS', 'Motor', 'Bakiadi Naradi Damanik M.Farm', '1532819826', 'ADMIN', '2023-12-07 17:54:46', '2023-12-07 17:54:46'),
	('606987154', 'CITEUREUP', 'F3408NF', 'Motor', 'Atmaja Firmansyah', '1007723677', 'ADMIN', '2023-12-07 17:54:46', '2023-12-07 17:54:46'),
	('240505098', 'CITEUREUP', 'F3416MD', 'Motor', 'Putri Dina Yuniar M.TI.', '456807937', 'ADMIN', '2023-12-07 17:54:46', '2023-12-07 17:54:46'),
	('955634898', 'CITEUREUP', 'F3422FHV', 'Motor', 'Bakiadi Anggriawan', '677278696', 'ADMIN', '2023-12-07 17:54:46', '2023-12-07 17:54:46'),
	('1239356602', 'CITEUREUP', 'F3450JB', 'Motor', 'Wadi Pranowo', '1493323281', 'ADMIN', '2023-12-07 17:54:46', '2023-12-07 17:54:46'),
	('1279949934', 'CITEUREUP', 'F3509LP', 'Motor', 'Galang Januar M.M.', '568086363', 'ADMIN', '2023-12-07 17:54:46', '2023-12-07 17:54:46'),
	('1617493291', 'CITEUREUP', 'F3517FHO', 'Motor', 'Jumari Maulana', '330937082', 'ADMIN', '2023-12-07 17:54:46', '2023-12-07 17:54:46'),
	('879399948', 'CITEUREUP', 'F3521FCC', 'Motor', 'Akarsana Mandala S.Kom', '1025599543', 'ADMIN', '2023-12-07 17:54:46', '2023-12-07 17:54:46'),
	('1407161265', 'CITEUREUP', 'F3521FH', 'Motor', 'Genta Haryanti', '1181037588', 'ADMIN', '2023-12-07 17:54:46', '2023-12-07 17:54:46'),
	('75259955', 'CITEUREUP', 'F3522FBM', 'Motor', 'Ina Novitasari S.Ked', '1371280686', 'ADMIN', '2023-12-07 17:54:46', '2023-12-07 17:54:46'),
	('980535017', 'CITEUREUP', 'F3540KF', 'Motor', 'Hesti Vanesa Palastri S.H.', '1332836105', 'ADMIN', '2023-12-07 17:54:46', '2023-12-07 17:54:46'),
	('925115291', 'CITEUREUP', 'F3542FDJ', 'Motor', 'Ibrani Rajata', '1483879349', 'ADMIN', '2023-12-07 17:54:46', '2023-12-07 17:54:46'),
	('1657000168', 'CITEUREUP', 'F3547HQ', 'Motor', 'Syahrini Halimah M.Ak', '1095888494', 'ADMIN', '2023-12-07 17:54:46', '2023-12-07 17:54:46'),
	('779289521', 'CITEUREUP', 'F3556LW', 'Motor', 'Prabowo Firgantoro', '740620269', 'ADMIN', '2023-12-07 17:54:46', '2023-12-07 17:54:46'),
	('1513259284', 'CITEUREUP', 'F3589MV', 'Motor', 'Fathonah Kezia Pudjiastuti M.Ak', '293496623', 'ADMIN', '2023-12-07 17:54:46', '2023-12-07 17:54:46'),
	('319283716', 'CITEUREUP', 'F3591ME', 'Motor', 'Betania Hastuti', '936992977', 'ADMIN', '2023-12-07 17:54:46', '2023-12-07 17:54:46'),
	('639215999', 'CITEUREUP', 'F3610PD', 'Motor', 'Marwata Napitupulu', '1548567358', 'ADMIN', '2023-12-07 17:54:46', '2023-12-07 17:54:46'),
	('384462220', 'CITEUREUP', 'F3620GF', 'Motor', 'Zahra Astuti', '870589830', 'ADMIN', '2023-12-07 17:54:46', '2023-12-07 17:54:46'),
	('462339658', 'CITEUREUP', 'F3646RG', 'Motor', 'Nadine Novitasari S.E.', '882021854', 'ADMIN', '2023-12-07 17:54:46', '2023-12-07 17:54:46'),
	('90250241', 'CITEUREUP', 'F3646RX', 'Motor', 'Makuta Wisnu Zulkarnain S.Pd', '550712141', 'ADMIN', '2023-12-07 17:54:46', '2023-12-07 17:54:46'),
	('1426599730', 'CITEUREUP', 'F3666KN', 'Motor', 'Unjani Andriani M.M.', '1692434299', 'ADMIN', '2023-12-07 17:54:46', '2023-12-07 17:54:46'),
	('383241973', 'CITEUREUP', 'F3749JU', 'Motor', 'Himawan Winarno', '690389747', 'ADMIN', '2023-12-07 17:54:46', '2023-12-07 17:54:46'),
	('709157925', 'CITEUREUP', 'F3755PJ', 'Motor', 'Faizah Mardhiyah', '212261530', 'ADMIN', '2023-12-07 17:54:46', '2023-12-07 17:54:46'),
	('1641400054', 'CITEUREUP', 'F3761FIS', 'Motor', 'Padmi Jasmin Rahimah', '1056329595', 'ADMIN', '2023-12-07 17:54:46', '2023-12-07 17:54:46'),
	('1633103083', 'CITEUREUP', 'F3772JA', 'Motor', 'Devi Hastuti', '1362349080', 'ADMIN', '2023-12-07 17:54:46', '2023-12-07 17:54:46'),
	('1361315598', 'CITEUREUP', 'F3854L', 'Motor', 'Chandra Bajragin Waskita', '594499123', 'ADMIN', '2023-12-07 17:54:46', '2023-12-07 17:54:46'),
	('1697185337', 'CITEUREUP', 'F3860NK', 'Motor', 'Ajiono Sitompul', '1278024358', 'ADMIN', '2023-12-07 17:54:46', '2023-12-07 17:54:46'),
	('854983852', 'CITEUREUP', 'F3891NU', 'Motor', 'Bakiadi Kunthara Waskita', '575011649', 'ADMIN', '2023-12-07 17:54:46', '2023-12-07 17:54:46'),
	('1345244318', 'CITEUREUP', 'F3902FFO', 'Motor', 'Cinta Ella Nuraini', '671870023', 'ADMIN', '2023-12-07 17:54:46', '2023-12-07 17:54:46'),
	('1305689494', 'CITEUREUP', 'F3974LL', 'Motor', 'Harsanto Mustofa', '921543335', 'ADMIN', '2023-12-07 17:54:46', '2023-12-07 17:54:46'),
	('58787997', 'CITEUREUP', 'F4003NC', 'Motor', 'Cawisono Nyoman Saefullah S.H.', '154001800', 'ADMIN', '2023-12-07 17:54:46', '2023-12-07 17:54:46'),
	('1576105097', 'CITEUREUP', 'F4064FCV', 'Motor', 'Dodo Firgantoro', '13576095', 'ADMIN', '2023-12-07 17:54:46', '2023-12-07 17:54:46'),
	('695700244', 'CITEUREUP', 'F4108', 'Motor', 'Prabawa Mansur S.Pd', '455965273', 'ADMIN', '2023-12-07 17:54:46', '2023-12-07 17:54:46'),
	('94948690', 'CITEUREUP', 'F4109MY', 'Motor', 'Joko Kardi Waskita', '556605186', 'ADMIN', '2023-12-07 17:54:46', '2023-12-07 17:54:46'),
	('1385047096', 'CITEUREUP', 'F4143GX', 'Motor', 'Ajimat Nardi Marbun', '718892855', 'ADMIN', '2023-12-07 17:54:46', '2023-12-07 17:54:46'),
	('1549775335', 'CITEUREUP', 'F4143PY', 'Motor', 'Wahyu Budiyanto', '557725255', 'ADMIN', '2023-12-07 17:54:46', '2023-12-07 17:54:46'),
	('558539835', 'CITEUREUP', 'F4205HJ', 'Motor', 'Kani Nuraini', '587909859', 'ADMIN', '2023-12-07 17:54:46', '2023-12-07 17:54:46'),
	('1121182124', 'CITEUREUP', 'F4223ID', 'Motor', 'Hafshah Maimunah Yolanda S.Sos', '169261071', 'ADMIN', '2023-12-07 17:54:46', '2023-12-07 17:54:46'),
	('801847562', 'CITEUREUP', 'F4237FAM', 'Motor', 'Oman Mustofa', '130217327', 'ADMIN', '2023-12-07 17:54:46', '2023-12-07 17:54:46'),
	('1446751157', 'CITEUREUP', 'F4281FBF', 'Motor', 'Oliva Pertiwi', '1300121118', 'ADMIN', '2023-12-07 17:54:46', '2023-12-07 17:54:46'),
	('1247449635', 'CITEUREUP', 'F4283RI', 'Motor', 'Rahman Tamba', '1341064665', 'ADMIN', '2023-12-07 17:54:46', '2023-12-07 17:54:46'),
	('510304068', 'CITEUREUP', 'F4341IO', 'Motor', 'Hilda Nasyidah S.E.I', '447239530', 'ADMIN', '2023-12-07 17:54:46', '2023-12-07 17:54:46'),
	('1510753892', 'CITEUREUP', 'F4349FAA', 'Motor', 'Ajimat Garda Waskita S.Sos', '1495176373', 'ADMIN', '2023-12-07 17:54:46', '2023-12-07 17:54:46'),
	('1274788750', 'CITEUREUP', 'F4358HX', 'Motor', 'Zamira Kani Wastuti S.Ked', '1099433813', 'ADMIN', '2023-12-07 17:54:46', '2023-12-07 17:54:46'),
	('274961589', 'CITEUREUP', 'F4363FHU', 'Motor', 'Cecep Empluk Nainggolan', '628230173', 'ADMIN', '2023-12-07 17:54:46', '2023-12-07 17:54:46'),
	('1233702486', 'CITEUREUP', 'F4369HE', 'Motor', 'Lili Dewi Rahayu M.TI.', '379406133', 'ADMIN', '2023-12-07 17:54:46', '2023-12-07 17:54:46'),
	('1395117777', 'CITEUREUP', 'F4453NS', 'Motor', 'Zizi Hassanah M.Kom.', '1669726514', 'ADMIN', '2023-12-07 17:54:46', '2023-12-07 17:54:46'),
	('939427455', 'CITEUREUP', 'F4460QV', 'Motor', 'Siska Rahmawati M.Ak', '14819957', 'ADMIN', '2023-12-07 17:54:46', '2023-12-07 17:54:46'),
	('406984615', 'CITEUREUP', 'F4495NK', 'Motor', 'Lala Ratna Suryatmi S.Pd', '644264521', 'ADMIN', '2023-12-07 17:54:46', '2023-12-07 17:54:46'),
	('118457350', 'CITEUREUP', 'F4517FHG', 'Motor', 'Soleh Kuswoyo', '1326265465', 'ADMIN', '2023-12-07 17:54:46', '2023-12-07 17:54:46'),
	('1031487017', 'CITEUREUP', 'F4522NH', 'Motor', 'Asmadi Waluyo S.I.Kom', '1582149271', 'ADMIN', '2023-12-07 17:54:46', '2023-12-07 17:54:46'),
	('201966202', 'CITEUREUP', 'F4543FDX', 'Motor', 'Ciaobella Prastuti', '1404952782', 'ADMIN', '2023-12-07 17:54:46', '2023-12-07 17:54:46'),
	('439527994', 'CITEUREUP', 'F4551HG', 'Motor', 'Martani Ardianto', '528443030', 'ADMIN', '2023-12-07 17:54:46', '2023-12-07 17:54:46'),
	('855287893', 'CITEUREUP', 'F4623IX', 'Motor', 'Nilam Mulyani', '587871889', 'ADMIN', '2023-12-07 17:54:46', '2023-12-07 17:54:46'),
	('1206298425', 'CITEUREUP', 'F4626HU', 'Motor', 'Ibrahim Simanjuntak M.M.', '1501134306', 'ADMIN', '2023-12-07 17:54:46', '2023-12-07 17:54:46'),
	('851637813', 'CITEUREUP', 'F4696CF', 'Motor', 'Nyoman Gatra Gunarto', '765926752', 'ADMIN', '2023-12-07 17:54:46', '2023-12-07 17:54:46'),
	('77753188', 'CITEUREUP', 'F4708FM', 'Motor', 'Gamblang Prasetya S.Pt', '307521591', 'ADMIN', '2023-12-07 17:54:46', '2023-12-07 17:54:46'),
	('1366351250', 'CITEUREUP', 'F4737FEP', 'Motor', 'Darman Mustofa', '897331881', 'ADMIN', '2023-12-07 17:54:46', '2023-12-07 17:54:46'),
	('1698689014', 'CITEUREUP', 'F4755', 'Motor', 'Bagus Prabowo', '1309130693', 'ADMIN', '2023-12-07 17:54:46', '2023-12-07 17:54:46'),
	('625828994', 'CITEUREUP', 'F4781FGH', 'Motor', 'Cengkal Halim', '17460920', 'ADMIN', '2023-12-07 17:54:46', '2023-12-07 17:54:46'),
	('1500561221', 'CITEUREUP', 'F4821R', 'Motor', 'Candrakanta Rajasa', '1594472345', 'ADMIN', '2023-12-07 17:54:46', '2023-12-07 17:54:46'),
	('358660707', 'CITEUREUP', 'F4845JN', 'Motor', 'Adiarja Simanjuntak', '1687571828', 'ADMIN', '2023-12-07 17:54:46', '2023-12-07 17:54:46'),
	('1693664952', 'CITEUREUP', 'F4904FBN', 'Motor', 'Natalia Kamaria Laksita', '606391487', 'ADMIN', '2023-12-07 17:54:46', '2023-12-07 17:54:46'),
	('1575740157', 'CITEUREUP', 'F4938FJ', 'Motor', 'Puti Laksmiwati', '418912450', 'ADMIN', '2023-12-07 17:54:46', '2023-12-07 17:54:46'),
	('927446379', 'CITEUREUP', 'F4969FG', 'Motor', 'Kiandra Mayasari', '553970628', 'ADMIN', '2023-12-07 17:54:46', '2023-12-07 17:54:46'),
	('377210462', 'CITEUREUP', 'F4981FS', 'Motor', 'Radika Saiful Habibi', '357440619', 'ADMIN', '2023-12-07 17:54:46', '2023-12-07 17:54:46'),
	('1127907627', 'CITEUREUP', 'F5023IC', 'Motor', 'Hairyanto Hidayat M.TI.', '1331604168', 'ADMIN', '2023-12-07 17:54:46', '2023-12-07 17:54:46'),
	('570783167', 'CITEUREUP', 'F5059LB', 'Motor', 'Victoria Suartini S.Pt', '413179204', 'ADMIN', '2023-12-07 17:54:46', '2023-12-07 17:54:46'),
	('1268565542', 'CITEUREUP', 'F5064iN', 'Motor', 'Mahesa Jaka Uwais S.Psi', '368265514', 'ADMIN', '2023-12-07 17:54:46', '2023-12-07 17:54:46'),
	('231311053', 'CITEUREUP', 'F5086FIU', 'Motor', 'Septi Oktaviani S.E.I', '1293728459', 'ADMIN', '2023-12-07 17:54:46', '2023-12-07 17:54:46'),
	('940544353', 'CITEUREUP', 'F5107FDH', 'Motor', 'Jinawi Kenari Wibowo', '812333173', 'ADMIN', '2023-12-07 17:54:46', '2023-12-07 17:54:46'),
	('107843276', 'CITEUREUP', 'F5117FDF', 'Motor', 'Kayun Prakasa', '1248159624', 'ADMIN', '2023-12-07 17:54:46', '2023-12-07 17:54:46'),
	('1384795229', 'CITEUREUP', 'F5132jv', 'Motor', 'Olga Maheswara S.Psi', '1219212474', 'ADMIN', '2023-12-07 17:54:46', '2023-12-07 17:54:46'),
	('1474890235', 'CITEUREUP', 'F5146RE', 'Motor', 'Rina Mardhiyah', '877185162', 'ADMIN', '2023-12-07 17:54:46', '2023-12-07 17:54:46'),
	('236596173', 'CITEUREUP', 'F5164FHO', 'Motor', 'Mahesa Manullang M.Ak', '858380270', 'ADMIN', '2023-12-07 17:54:46', '2023-12-07 17:54:46'),
	('504929383', 'CITEUREUP', 'F5164PJ', 'Motor', 'Laras Halimah', '1388159202', 'ADMIN', '2023-12-07 17:54:46', '2023-12-07 17:54:46'),
	('581103567', 'CITEUREUP', 'F5251VU', 'Motor', 'Dewi Oktaviani S.Ked', '1362097130', 'ADMIN', '2023-12-07 17:54:46', '2023-12-07 17:54:46'),
	('1034084164', 'CITEUREUP', 'F5267FFE', 'Motor', 'Nurul Puspita S.Gz', '393676409', 'ADMIN', '2023-12-07 17:54:46', '2023-12-07 17:54:46'),
	('710014752', 'CITEUREUP', 'F5271GR', 'Motor', 'Nardi Hutagalung', '689801268', 'ADMIN', '2023-12-07 17:54:46', '2023-12-07 17:54:46'),
	('1544440290', 'CITEUREUP', 'F5299LG', 'Motor', 'Wardi Natsir M.Ak', '580325781', 'ADMIN', '2023-12-07 17:54:46', '2023-12-07 17:54:46'),
	('732707002', 'CITEUREUP', 'F5303FCG', 'Motor', 'Bagas Pandu Sitompul S.Kom', '658910991', 'ADMIN', '2023-12-07 17:54:46', '2023-12-07 17:54:46'),
	('916976800', 'CITEUREUP', 'F5307LK', 'Motor', 'Gangsa Agus Pangestu', '592071595', 'ADMIN', '2023-12-07 17:54:46', '2023-12-07 17:54:46'),
	('1403721088', 'CITEUREUP', 'F5346FAA', 'Motor', 'Yuni Suryatmi', '699805690', 'ADMIN', '2023-12-07 17:54:46', '2023-12-07 17:54:46'),
	('1583881878', 'CITEUREUP', 'F5390FCY', 'Motor', 'Cawisadi Nalar Rajata S.I.Kom', '954201032', 'ADMIN', '2023-12-07 17:54:46', '2023-12-07 17:54:46'),
	('794177370', 'CITEUREUP', 'F5392FCY', 'Motor', 'Rini Agustina', '54506646', 'ADMIN', '2023-12-07 17:54:46', '2023-12-07 17:54:46'),
	('804139970', 'CITEUREUP', 'F5478LR', 'Motor', 'Diana Endah Namaga S.Farm', '118363555', 'ADMIN', '2023-12-07 17:54:46', '2023-12-07 17:54:46'),
	('244060967', 'CITEUREUP', 'F5498JO', 'Motor', 'Ifa Hesti Nurdiyanti S.E.I', '683447429', 'ADMIN', '2023-12-07 17:54:46', '2023-12-07 17:54:46'),
	('621869835', 'CITEUREUP', 'F5507kw', 'Motor', 'Darijan Endra Pradana', '1008176250', 'ADMIN', '2023-12-07 17:54:46', '2023-12-07 17:54:46'),
	('678115889', 'CITEUREUP', 'F5538GX', 'Motor', 'Kania Melani', '1400881230', 'ADMIN', '2023-12-07 17:54:46', '2023-12-07 17:54:46'),
	('805727960', 'CITEUREUP', 'F5543FHF', 'Motor', 'Puji Unjani Oktaviani S.E.I', '1522618150', 'ADMIN', '2023-12-07 17:54:46', '2023-12-07 17:54:46'),
	('2857210', 'CITEUREUP', 'F5584FIJ', 'Motor', 'Kenari Kanda Mangunsong', '1440912341', 'ADMIN', '2023-12-07 17:54:46', '2023-12-07 17:54:46'),
	('159917300', 'CITEUREUP', 'F5610FIH', 'Motor', 'Latif Manullang', '1451005994', 'ADMIN', '2023-12-07 17:54:46', '2023-12-07 17:54:46'),
	('453315080', 'CITEUREUP', 'F5628FAW', 'Motor', 'Pia Melani', '1545293140', 'ADMIN', '2023-12-07 17:54:46', '2023-12-07 17:54:46'),
	('1507389907', 'CITEUREUP', 'F5748JI', 'Motor', 'Suci Purnawati S.E.I', '628653626', 'ADMIN', '2023-12-07 17:54:46', '2023-12-07 17:54:46'),
	('1288500140', 'CITEUREUP', 'F5768FHP', 'Motor', 'Novi Betania Aryani M.Kom.', '182250021', 'ADMIN', '2023-12-07 17:54:46', '2023-12-07 17:54:46'),
	('1484708346', 'CITEUREUP', 'F5916FDK', 'Motor', 'Lulut Firgantoro', '110846690', 'ADMIN', '2023-12-07 17:54:46', '2023-12-07 17:54:46'),
	('1285377951', 'CITEUREUP', 'F5928LH', 'Motor', 'Gantar Budiyanto S.Farm', '1609463536', 'ADMIN', '2023-12-07 17:54:46', '2023-12-07 17:54:46'),
	('1071911953', 'CITEUREUP', 'F6004FAC', 'Motor', 'Mumpuni Marpaung', '1279430153', 'ADMIN', '2023-12-07 17:54:46', '2023-12-07 17:54:46'),
	('895185787', 'CITEUREUP', 'F6011FEX', 'Motor', 'Zulaikha Safitri', '398416205', 'ADMIN', '2023-12-07 17:54:46', '2023-12-07 17:54:46'),
	('1245922877', 'CITEUREUP', 'F6063MC', 'Motor', 'Pangeran Halim', '305151945', 'ADMIN', '2023-12-07 17:54:46', '2023-12-07 17:54:46'),
	('129273452', 'CITEUREUP', 'F6072ID', 'Motor', 'Pia Laksita', '767692387', 'ADMIN', '2023-12-07 17:54:46', '2023-12-07 17:54:46'),
	('835849893', 'CITEUREUP', 'F6081FDT', 'Motor', 'Dian Puspita', '1660476351', 'ADMIN', '2023-12-07 17:54:46', '2023-12-07 17:54:46'),
	('108617496', 'CITEUREUP', 'F6208LH', 'Motor', 'Tania Mutia Haryanti', '843129663', 'ADMIN', '2023-12-07 17:54:46', '2023-12-07 17:54:46'),
	('1411591557', 'CITEUREUP', 'F6278QG', 'Motor', 'Lidya Kusmawati', '271799668', 'ADMIN', '2023-12-07 17:54:46', '2023-12-07 17:54:46'),
	('65323588', 'CITEUREUP', 'F6321RD', 'Motor', 'Asirwanda Cemeti Sitorus', '1644602120', 'ADMIN', '2023-12-07 17:54:46', '2023-12-07 17:54:46'),
	('47041831', 'CITEUREUP', 'F6322FP', 'Motor', 'Silvia Mardhiyah', '1474914737', 'ADMIN', '2023-12-07 17:54:46', '2023-12-07 17:54:46'),
	('258176984', 'CITEUREUP', 'F6352FDX', 'Motor', 'Saka Wibowo', '277058761', 'ADMIN', '2023-12-07 17:54:46', '2023-12-07 17:54:46'),
	('388776476', 'CITEUREUP', 'F6356EUJ', 'Motor', 'Yunita Laksmiwati S.E.I', '1450051571', 'ADMIN', '2023-12-07 17:54:46', '2023-12-07 17:54:46'),
	('170751676', 'CITEUREUP', 'F6367IJ', 'Motor', 'Gangsar Wawan Habibi', '1138806682', 'ADMIN', '2023-12-07 17:54:46', '2023-12-07 17:54:46'),
	('593498785', 'CITEUREUP', 'F6392PD', 'Motor', 'Calista Anggraini', '1463135242', 'ADMIN', '2023-12-07 17:54:46', '2023-12-07 17:54:46'),
	('1419132925', 'CITEUREUP', 'F6403HZ', 'Motor', 'Radika Hari Maryadi S.Pd', '941689351', 'ADMIN', '2023-12-07 17:54:46', '2023-12-07 17:54:46'),
	('1428072066', 'CITEUREUP', 'F6426HT', 'Motor', 'Artawan Samosir', '1224353944', 'ADMIN', '2023-12-07 17:54:46', '2023-12-07 17:54:46'),
	('175325936', 'CITEUREUP', 'F6437NR', 'Motor', 'Belinda Nurdiyanti S.Kom', '1410884075', 'ADMIN', '2023-12-07 17:54:46', '2023-12-07 17:54:46'),
	('471461093', 'CITEUREUP', 'F6481NT', 'Motor', 'Talia Kuswandari', '24292173', 'ADMIN', '2023-12-07 17:54:46', '2023-12-07 17:54:46'),
	('1166949451', 'CITEUREUP', 'F6486FAA', 'Motor', 'Salsabila Hassanah', '1122881202', 'ADMIN', '2023-12-07 17:54:46', '2023-12-07 17:54:46'),
	('1172356921', 'CITEUREUP', 'F6503FCP', 'Motor', 'Zamira Cinta Mayasari', '697536313', 'ADMIN', '2023-12-07 17:54:46', '2023-12-07 17:54:46'),
	('1144654953', 'CITEUREUP', 'F6506JM', 'Motor', 'Puspa Maryati', '245349463', 'ADMIN', '2023-12-07 17:54:46', '2023-12-07 17:54:46'),
	('189914459', 'CITEUREUP', 'F6515FGK', 'Motor', 'Atma Siregar', '1208812644', 'ADMIN', '2023-12-07 17:54:46', '2023-12-07 17:54:46'),
	('1680633444', 'CITEUREUP', 'F6519LH', 'Motor', 'Fitriani Suci Zulaika', '627565465', 'ADMIN', '2023-12-07 17:54:46', '2023-12-07 17:54:46'),
	('1372693487', 'CITEUREUP', 'F6540FET', 'Motor', 'Prayoga Permadi', '729362697', 'ADMIN', '2023-12-07 17:54:46', '2023-12-07 17:54:46'),
	('363648487', 'CITEUREUP', 'F6550JJ', 'Motor', 'Irwan Winarno', '660549588', 'ADMIN', '2023-12-07 17:54:46', '2023-12-07 17:54:46'),
	('1376619201', 'CITEUREUP', 'F6625FBY', 'Motor', 'Kala Sidiq Suwarno', '582911611', 'ADMIN', '2023-12-07 17:54:46', '2023-12-07 17:54:46'),
	('1177066218', 'CITEUREUP', 'F6668ZG', 'Motor', 'Zahra Astuti M.Pd', '295909400', 'ADMIN', '2023-12-07 17:54:46', '2023-12-07 17:54:46'),
	('1056994082', 'CITEUREUP', 'F6707KO', 'Motor', 'Tami Maryati', '1680692345', 'ADMIN', '2023-12-07 17:54:46', '2023-12-07 17:54:46'),
	('174789910', 'CITEUREUP', 'F6714HG', 'Motor', 'Embuh Damanik', '1347414134', 'ADMIN', '2023-12-07 17:54:46', '2023-12-07 17:54:46'),
	('1695541434', 'CITEUREUP', 'F6805FEU', 'Motor', 'Yuliana Wastuti', '1593300463', 'ADMIN', '2023-12-07 17:54:46', '2023-12-07 17:54:46'),
	('1019372006', 'CITEUREUP', 'F6827mj', 'Motor', 'Ikin Samosir S.Gz', '1359626861', 'ADMIN', '2023-12-07 17:54:46', '2023-12-07 17:54:46'),
	('1056571898', 'CITEUREUP', 'F6847RX', 'Motor', 'Queen Usamah', '777930211', 'ADMIN', '2023-12-07 17:54:46', '2023-12-07 17:54:46'),
	('449732874', 'CITEUREUP', 'F6859NX', 'Motor', 'Okto Adinata Dabukke', '75670850', 'ADMIN', '2023-12-07 17:54:46', '2023-12-07 17:54:46'),
	('1532553063', 'CITEUREUP', 'F6871FV', 'Motor', 'Kenzie Wibisono', '1335789067', 'ADMIN', '2023-12-07 17:54:46', '2023-12-07 17:54:46'),
	('221478873', 'CITEUREUP', 'F6915FEU', 'Motor', 'Cici Maryati S.E.I', '421746012', 'ADMIN', '2023-12-07 17:54:46', '2023-12-07 17:54:46'),
	('1620849454', 'CITEUREUP', 'F6939NL', 'Motor', 'Danang Ardianto', '1621708635', 'ADMIN', '2023-12-07 17:54:46', '2023-12-07 17:54:46'),
	('273577863', 'CITEUREUP', 'F6956LE', 'Motor', 'Bella Nuraini', '234211581', 'ADMIN', '2023-12-07 17:54:46', '2023-12-07 17:54:46'),
	('1489027153', 'CITEUREUP', 'F8081HC', 'Mobil', 'Danuja Thamrin', '1059312724', 'ADMIN', '2023-12-07 17:54:46', '2023-12-07 17:54:46'),
	('525263705', 'CITEUREUP', 'K4620KY', 'Motor', 'Cindy Nasyiah', '1249936553', 'ADMIN', '2023-12-07 17:54:46', '2023-12-07 17:54:46'),
	('1287849590', 'CITEUREUP', 'R4540GB', 'Motor', 'Edi Wasita', '335947080', 'ADMIN', '2023-12-07 17:54:46', '2023-12-07 17:54:46'),
	('1617396495', 'CITEUREUP', 'T4063YN', 'Motor', 'Rangga Gadang Pradana M.Ak', '1683443412', 'ADMIN', '2023-12-07 17:54:46', '2023-12-07 17:54:46'),
	('965434080', 'CITEUREUP', 'Z6395AAL', 'Motor', 'Drajat Putra', '512568132', 'ADMIN', '2023-12-07 17:54:46', '2023-12-07 17:54:46');

/*!40103 SET TIME_ZONE=IFNULL(@OLD_TIME_ZONE, 'system') */;
/*!40101 SET SQL_MODE=IFNULL(@OLD_SQL_MODE, '') */;
/*!40014 SET FOREIGN_KEY_CHECKS=IFNULL(@OLD_FOREIGN_KEY_CHECKS, 1) */;
/*!40101 SET CHARACTER_SET_CLIENT=@OLD_CHARACTER_SET_CLIENT */;
/*!40111 SET SQL_NOTES=IFNULL(@OLD_SQL_NOTES, 1) */;
